Willy\ Wilderness = Willy Wilderness
Shifts = Shifts
Ticket = Ticket
ObservationsLast6h = Last 3 hours
Map = Map
Map24 = 24h Map
Settings = Settings
New\ Observation = New Observation
Cancel = Cancel
Save = Save
observationtime = Time
species = species
location = location
count = count
observer = observer
time = time
name = name
Image = Image
Choose\ from\ map = From map...
Observation\ location = Observation location
Observation\ details = Observation details
Anseriformes = Anseriformes
Anatidae = Waterbird
Cygnus\ olor = Mute Swan
Cygnus\ columbianus = Tundra Swan
Cygnus\ cygnus = Whooper Swan
Anser\ fabalis = Bean Goose
Anser\ brachyrhynchus = Pink-footed Goose
Anser\ albifrons = Greater White-fronted Goose
Anser\ erythropus = Lesser White-fronted Goose
Anser\ anser = Greylag Goose
Anser\ caerulescens = Snow Goose
Branta\ canadensis = Canada Goose
Branta\ leucopsis = Barnacle Goose
Branta\ bernicla = Brant Goose
Branta\ ruficollis = Red-breasted Goose
Tadorna\ ferruginea = Ruddy Shelduck
Tadorna\ tadorna = Common Shelduck
Aix\ galericulata = Mandarin Duck
Anas\ penelope = Eurasian Wigeon
Anas\ americana = American Wigeon
Anas\ strepera = Gadwall
Anas\ crecca = Eurasian Teal
Anas\ carolinensis = Green-winged Teal
Anas\ platyrhynchos = Mallard
Anas\ rubripes = American Black Duck
Anas\ acuta = Northern Pintail
Anas\ querquedula = Garganey
Anas\ discors = Blue-winged Teal
Anas\ clypeata = Northern Shoveler
Netta\ rufina = Red-crested Pochard
Aythya\ ferina = Common Pochard
Aythya\ collaris = Ring-necked Duck
Aythya\ nyroca = Ferruginous Duck
Aythya\ fuligula = Tufted Duck
Aythya\ marila = Greater Scaup
Aythya\ affinis = Lesser Scaup
Somateria\ mollissima = Common Eider
Somateria\ spectabilis = King Eider
Polysticta\ stelleri = Steller's Eider
Histrionicus\ histrionicus = Harlequin Duck
Clangula\ hyemalis = Long-tailed Duck
Melanitta\ nigra = Common Scoter
Melanitta\ americana = Black Scoter
Melanitta\ perspicillata = Surf Scoter
Melanitta\ fusca = Velvet Scoter
Melanitta\ deglandi = White-winged Scoter
Bucephala\ clangula = Common Goldeneye
Mergellus\ albellus = Smew
Mergus\ serrator = Red-breasted Merganser
Mergus\ merganser = Common Merganser
Oxyura\ jamaicensis = Ruddy Duck
Galliformes = Galliformes
Tetraonidae = Grouse
Bonasa\ bonasia = Hazel Grouse
Lagopus\ lagopus = Willow Ptarmigan
Lagopus\ muta = Rock Ptarmigan
Tetrao\ tetrix = Black Grouse
Tetrao\ urogallus = Western Capercaillie
Phasianidae = Phasianidae
Perdix\ perdix = Grey Partridge
Coturnix\ coturnix = Common Quail
Phasianus\ colchicus = Common Pheasant
Gaviiformes = Gaviiformes
Gaviidae = Loon
Gavia\ stellata = Red-throated Loon
Gavia\ arctica = Black-throated Loon
Gavia\ pacifica = Pacific Loon
Gavia\ immer = Great Northern Loon
Gavia\ adamsii = Yellow-billed Loon
Podicipediformes = Podicipedidae
Podicipedidae = Grebe
Tachybaptus\ ruficollis = Little Grebe
Podiceps\ cristatus = Great Crested Grebe
Podiceps\ grisegena = Red-necked Grebe
Podiceps\ auritus = Horned Grebe
Podiceps\ nigricollis = Black-necked Grebe
Procellariiformes = Procellariiformes
Procellariidae = Procellariidae
Fulmarus\ glacialis = Northern Fulmar
Puffinus\ griseus = Sooty Shearwater
Puffinus\ puffinus = Manx Shearwater
Hydrobatidae = Storm
Hydrobates\ pelagicus = European Storm Petrel
Oceanodroma\ leucorhoa = Leach's Storm Petrel
Oceanodroma\ castro = Band-rumped Storm Petrel
Pelecaniformes = Pelecaniformes
Sulidae = Sulidae
Morus\ bassanus = Northern Gannet
Phalacrocoracidae = Cormorant
Phalacrocorax\ carbo = Great Cormorant
Phalacrocorax\ aristotelis = European Shag
Pelecanidae = Pelecanidae
Pelecanus\ onocrotalus = Great White Pelican
Ciconiiformes = Ciconiiformes
Ardeidae = Heron
Botaurus\ stellaris = Eurasian Bittern
Ixobrychus\ minutus = Little Bittern
Nycticorax\ nycticorax = Black-crowned Night Heron
Ardeola\ ralloides = Squacco Heron
Bubulcus\ ibis = Cattle Egret
Egretta\ garzetta = Little Egret
Egretta\ alba = Great Egret
Ardea\ cinerea = Grey Heron
Ardea\ purpurea = Purple Heron
Ciconiidae = Stork
Ciconia\ nigra = Black Stork
Ciconia\ ciconia = White Stork
Threskiornithidae = Threskiornithidae
Plegadis\ falcinellus = Glossy Ibis
Platalea\ leucorodia = Eurasian Spoonbill
Accipitriformes = Accipitriformes
Accipitridae = Accipitridae
Pernis\ apivorus = European Honey Buzzard
Milvus\ migrans = Black Kite
Milvus\ milvus = Red Kite
Haliaeetus\ leucoryphus = Pallas's Fish Eagle
Haliaeetus\ albicilla = White-tailed Eagle
Neophron\ percnopterus = Egyptian Vulture
Gyps\ fulvus = Griffon Vulture
Aegypius\ monachus = Cinereous Vulture
Circaetus\ gallicus = Short-toed Snake Eagle
Circus\ aeruginosus = Western Marsh Harrier
Circus\ cyaneus = Northern Harrier
Circus\ macrourus = Pallid Harrier
Circus\ pygargus = Montagu's Harrier
Accipiter\ gentilis = Northern Goshawk
Accipiter\ nisus = Eurasian Sparrowhawk
Buteo\ buteo = Common Buzzard
Buteo\ rufinus = Long-legged Buzzard
Buteo\ lagopus = Rough-legged Buzzard
Aquila\ pomarina = Lesser Spotted Eagle
Aquila\ clanga = Greater Spotted Eagle
Aquila\ nipalensis = Steppe Eagle
Aquila\ heliaca = Eastern Imperial Eagle
Aquila\ chrysaetos = Golden Eagle
Aquila\ pennata = Booted Eagle
Pandionidae = Osprey
Pandion\ haliaetus = Osprey
Falconiformes = Falconiformes
Falconidae = Falcons
Falco\ naumanni = Lesser Kestrel
Falco\ tinnunculus = Common Kestrel
Falco\ vespertinus = Red-footed Falcon
Falco\ columbarius = Merlin
Falco\ subbuteo = Eurasian Hobby
Falco\ eleonorae = Eleonora's Falcon
Falco\ cherrug = Saker Falcon
Falco\ rusticolus = Gyrfalcon
Falco\ peregrinus = Peregrine Falcon
Gruiformes = Gruiformes
Rallidae = Rails
Rallus\ aquaticus = Water Rail
Porzana\ porzana = Spotted Crake
Porzana\ parva = Little Crake
Porzana\ pusilla = Baillon's Crake
Crex\ crex = Corn Crake
Gallinula\ chloropus = Common Moorhen
Porphyrio\ alleni = Allen's Gallinule
Fulica\ atra = Eurasian Coot
Gruidae = Cranes
Grus\ grus = Common Crane
Grus\ virgo = Demoiselle Crane
Otidae = Bustards
Tetrax\ tetrax = Little Bustard
Chlamydotis\ macqueenii = Macqueen's Bustard
Otis\ tarda = Great Bustard
Charadriiformes = Charadriiformes
Haematopodidae = Oystercatcher
Haematopus\ ostralegus = Eurasian Oystercatcher
Recurvirostridae = Recurvirostridae
Himantopus\ himantopus = Black-winged Stilt
Recurvirostra\ avosetta = Pied Avocet
Burhinidae = Stone
Burhinus\ oedicnemus = Eurasian Stone-curlew
Glareolidae = Glareolidae
Cursorius\ cursor = Cream-colored Courser
Glareola\ pratincola = Collared Pratincole
Glareola\ nordmanni = Black-winged Pratincole
Charadriidae = Charadriidae
Charadrius\ dubius = Little Ringed Plover
Charadrius\ hiaticula = Common Ringed Plover
Charadrius\ alexandrinus = Kentish Plover
Charadrius\ mongolus = Lesser Sand Plover
Charadrius\ leschenaultii = Greater Sand Plover
Charadrius\ asiaticus = Caspian Plover
Charadrius\ veredus = Oriental Plover
Charadrius\ morinellus = Eurasian Dotterel
Pluvialis\ fulva = Pacific Golden Plover
Pluvialis\ dominica = American Golden Plover
Pluvialis\ apricaria = European Golden Plover
Pluvialis\ squatarola = Grey Plover
Vanellus\ gregarius = Sociable Lapwing
Vanellus\ leucurus = White-tailed Lapwing
Vanellus\ vanellus = Northern Lapwing
Scolopacidae = Sandpiper
Calidris\ canutus = Red Knot
Calidris\ alba = Sanderling
Calidris\ ruficollis = Red-necked Stint
Calidris\ minuta = Little Stint
Calidris\ temminckii = Temminck's Stint
Calidris\ subminuta = Long-toed Stint
Calidris\ minutilla = Least Sandpiper
Calidris\ fuscicollis = White-rumped Sandpiper
Calidris\ bairdii = Baird's Sandpiper
Calidris\ melanotos = Pectoral Sandpiper
Calidris\ acuminata = Sharp-tailed Sandpiper
Calidris\ ferruginea = Curlew Sandpiper
Calidris\ maritima = Purple Sandpiper
Calidris\ alpina = Dunlin
Calidris\ himantopus = Stilt Sandpiper
Limicola\ falcinellus = Broad-billed Sandpiper
Tryngites\ subruficollis = Buff-breasted Sandpiper
Philomachus\ pugnax = Ruff
Lymnocryptes\ minimus = Jack Snipe
Gallinago\ gallinago = Common Snipe
Gallinago\ delicata = Wilson's Snipe
Gallinago\ media = Great Snipe
Gallinago\ megala = Swinhoe's Snipe
Limnodromus\ scolopaceus = Long-billed Dowitcher
Scolopax\ rusticola = Eurasian Woodcock
Limosa\ limosa = Black-tailed Godwit
Limosa\ lapponica = Bar-tailed Godwit
Numenius\ minutus = Little Curlew
Numenius\ phaeopus = Whimbrel
Numenius\ arquata = Eurasian Curlew
Tringa\ erythropus = Spotted Redshank
Tringa\ totanus = Common Redshank
Tringa\ stagnatilis = Marsh Sandpiper
Tringa\ nebularia = Common Greenshank
Tringa\ flavipes = Lesser Yellowlegs
Tringa\ ochropus = Green Sandpiper
Tringa\ glareola = Wood Sandpiper
Xenus\ cinereus = Terek Sandpiper
Actitis\ hypoleucos = Common Sandpiper
Actitis\ macularius = Spotted Sandpiper
Catoptrophorus\ semipalmatus = Willet
Arenaria\ interpres = Ruddy Turnstone
Phalaropus\ tricolor = Wilson's Phalarope
Phalaropus\ lobatus = Red-necked Phalarope
Phalaropus\ fulicarius = Red Phalarope
Stercorariidae = Skua
Stercorarius\ pomarinus = Pomarine Skua
Stercorarius\ parasiticus = Parasitic Jaeger
Stercorarius\ longicaudus = Long-tailed Jaeger
Stercorarius\ skua = Great Skua
Laridae = Gulls
Larus\ melanocephalus = Mediterranean Gull
Larus\ atricilla = Laughing Gull
Larus\ pipixcan = Franklin's Gull
Larus\ ridibundus = Black-headed Gull
Larus\ genei = Slender-billed Gull
Larus\ audouinii = Audouin's Gull
Larus\ canus = Mew Gull
Larus\ fuscus = Lesser Black-backed Gull
Larus\ argentatus = European Herring Gull
Larus\ cachinnans = Caspian Gull
Larus\ michahellis = Yellow-legged Gull
Larus\ glaucoides = Iceland Gull
Larus\ hyperboreus = Glaucous Gull
Larus\ marinus = Great Black-backed Gull
Rhodostethia\ rosea = Ross's Gull
Rissa\ tridactyla = Black-legged Kittiwake
Pagophila\ eburnea = Ivory Gull
Xema\ sabini = Sabine's Gull
Hydrocoloeus\ minutus = Little Gull
Sternidae = Tern
Gelochelidon\ nilotica = Gull-billed Tern
Hydroprogne\ caspia = Caspian Tern
Sterna\ sandvicensis = Sandwich Tern
Sterna\ hirundo = Common Tern
Sterna\ paradisaea = Arctic Tern
Sternula\ albifrons = Little Tern
Chlidonias\ hybrida = Whiskered Tern
Chlidonias\ niger = Black Tern
Chlidonias\ leucopterus = White-winged Tern
Alcidae = Auk
Uria\ aalge = Common Murre
Uria\ lomvia = Thick-billed Murre
Alca\ torda = Razorbill
Cepphus\ grylle = Black Guillemot
Alle\ alle = Little Auk
Fratercula\ arctica = Atlantic Puffin
Pteroclidiformes = Sandgrouse
Pteroclididae = Sandgrouse
Syrrhaptes\ paradoxus = Pallas's Sandgrouse
Columbiformes = Columbiformes
Columbidae = Pigeons and doves
Columba\ livia = Common Pigeon
Columba\ oenas = Stock Dove
Columba\ palumbus = Common Wood Pigeon
Streptopelia\ decaocto = Eurasian Collared Dove
Streptopelia\ turtur = European Turtle Dove
Streptopelia\ orientalis = Oriental Turtle Dove
Cuculiformes = Cuculiformes
Cuculidae = Cuckoo
Clamator\ glandarius = Great Spotted Cuckoo
Cuculus\ canorus = Common Cuckoo
Strigiformes = Owls
Tytonidae = Barn
Tyto\ alba = Barn Owl
Strigidae = True Owls
Bubo\ bubo = Eurasian Eagle Owl
Bubo\ scandiacus = Snowy Owl
Surnia\ ulula = Northern Hawk Owl
Glaucidium\ passerinum = Eurasian Pygmy Owl
Athene\ noctua = Little Owl
Strix\ aluco = Tawny Owl
Strix\ uralensis = Ural Owl
Strix\ nebulosa = Great Grey Owl
Asio\ otus = Long-eared Owl
Asio\ flammeus = Short-eared Owl
Aegolius\ funereus = Boreal Owl
Caprimulgiformes = Caprimulgiformes
Caprimulgidae = Nightjar
Caprimulgus\ europaeus = European Nightjar
Apodiformes = Apodiformes
Apodidae = Swift
Hirundapus\ caudacutus = White-throated Needletail
Apus\ apus = Common Swift
Apus\ pallidus = Pallid Swift
Apus\ melba = Alpine Swift
Apus\ caffer = White-rumped Swift
Coraciiformes = Coraciiformes
Alcedinidae = River kingfishers
Alcedo\ atthis = Common Kingfisher
Meropidae = Bee
Merops\ persicus = Blue-cheeked Bee-eater
Merops\ apiaster = European Bee-eater
Coraciidae = Rollers
Coracias\ garrulus = European Roller
Upupidae = Hoopoe
Upupa\ epops = Hoopoe
Piciformes = Piciforms
Picidae = Woodpeckers
Jynx\ torquilla = Eurasian Wryneck
Picus\ canus = Grey-headed Woodpecker
Picus\ viridis = European Green Woodpecker
Dryocopus\ martius = Black Woodpecker
Dendrocopos\ major = Great Spotted Woodpecker
Dendrocopos\ medius = Middle Spotted Woodpecker
Dendrocopos\ leucotos = White-backed Woodpecker
Dendrocopos\ minor = Lesser Spotted Woodpecker
Picoides\ tridactylus = Three-toed Woodpecker
Passeriformes = Passerine
Alaudidae = Larks
Melanocorypha\ calandra = Calandra Lark
Melanocorypha\ bimaculata = Bimaculated Lark
Melanocorypha\ leucoptera = White-winged Lark
Melanocorypha\ yeltoniensis = Black Lark
Calandrella\ brachydactyla = Greater Short-toed Lark
Calandrella\ rufescens = Lesser Short-toed Lark
Galerida\ cristata = Crested Lark
Lullula\ arborea = Woodlark
Alauda\ arvensis = Eurasian Skylark
Eremophila\ alpestris = Horned Lark
Hirundinidae = Swallow
Riparia\ riparia = Sand Martin
Ptyonoprogne\ rupestris = Eurasian Crag Martin
Hirundo\ rustica = Barn Swallow
Cecropis\ daurica = Red-rumped Swallow
Delichon\ urbicum = Common House Martin
Motacillidae = Ärlor och piplärkor
Anthus\ richardi = Richard's Pipit
Anthus\ godlewskii = Blyth's Pipit
Anthus\ campestris = Tawny Pipit
Anthus\ hodgsoni = Olive-backed Pipit
Anthus\ trivialis = Tree Pipit
Anthus\ gustavi = Pechora Pipit
Anthus\ pratensis = Meadow Pipit
Anthus\ cervinus = Red-throated Pipit
Anthus\ petrosus = Eurasian Rock Pipit
Motacilla\ flava = Yellow Wagtail
Motacilla\ citreola = Citrine Wagtail
Motacilla\ cinerea = Grey Wagtail
Motacilla\ alba = White Wagtail
Bombycillidae = Waxwings
Bombycilla\ garrulus = Bohemian Waxwing
Cinclidae = Dippers
Cinclus\ cinclus = White-throated Dipper
Troglodytidae = Wrens
Troglodytes\ troglodytes = Winter Wren
Prunellidae = Accentor
Prunella\ modularis = Dunnock
Prunella\ montanella = Siberian Accentor
Prunella\ atrogularis = Black-throated Accentor
Prunella\ collaris = Alpine Accentor
Turdidae = Trushes
Cercotrichas\ galactotes = Rufous-tailed Scrub Robin
Erithacus\ rubecula = European Robin
Luscinia\ luscinia = Thrush Nightingale
Luscinia\ megarhynchos = Common Nightingale
Luscinia\ calliope = Siberian Rubythroat
Luscinia\ svecica = Bluethroat
Tarsiger\ cyanurus = Red-flanked Bluetail
Phoenicurus\ ochruros = Black Redstart
Phoenicurus\ phoenicurus = Common Redstart
Saxicola\ rubetra = Whinchat
Saxicola\ torquatus = Common Stonechat
Saxicola\ caprata = Pied Bushchat
Oenanthe\ isabellina = Isabelline Wheatear
Oenanthe\ oenanthe = Northern Wheatear
Oenanthe\ pleschanka = Pied Wheatear
Oenanthe\ hispanica = Black-eared Wheatear
Oenanthe\ deserti = Desert Wheatear
Monticola\ saxatilis = Rufous-tailed Rock Thrush
Monticola\ solitarius = Blue Rock Thrush
Zoothera\ dauma = White's Thrush
Catharus\ ustulatus = Swainson's Thrush
Turdus\ torquatus = Ring Ouzel
Turdus\ merula = Common Blackbird
Turdus\ obscurus = Eyebrowed Thrush
Turdus\ naumanni = Naumann's Thrush
Turdus\ eunomus = Dusky Thrush
Turdus\ atrogularis = Black-throated Thrush
Turdus\ pilaris = Fieldfare
Turdus\ philomelos = Song Thrush
Turdus\ iliacus = Redwing
Turdus\ viscivorus = Mistle Thrush
Sylviidae = Old World Warblers
Locustella\ lanceolata = Lanceolated Warbler
Locustella\ naevia = Common Grasshopper Warbler
Locustella\ fluviatilis = River Warbler
Locustella\ luscinioides = Savi's Warbler
Acrocephalus\ paludicola = Aquatic Warbler
Acrocephalus\ schoenobaenus = Sedge Warbler
Acrocephalus\ agricola = Paddyfield Warbler
Acrocephalus\ dumetorum = Blyth's Reed Warbler
Acrocephalus\ palustris = Marsh Warbler
Acrocephalus\ scirpaceus = Eurasian Reed Warbler
Acrocephalus\ arundinaceus = Great Reed Warbler
Acrocephalus\ aedon = Thick-billed Warbler
Hippolais\ pallida = Eastern Olivaceous Warbler
Hippolais\ caligata = Booted Warbler
Hippolais\ rama = Syke's Warbler
Hippolais\ icterina = Icterine Warbler
Sylvia\ undata = Dartford Warbler
Sylvia\ cantillans = Subalpine Warbler
Sylvia\ melanocephala = Sardinian Warbler
Sylvia\ rueppelli = Rüppell's Warbler
Sylvia\ nana = Asian Desert Warbler
Sylvia\ nisoria = Barred Warbler
Sylvia\ curruca = Lesser Whitethroat
Sylvia\ communis = Common Whitethroat
Sylvia\ borin = Garden Warbler
Sylvia\ atricapilla = Eurasian Blackcap
Phylloscopus\ coronatus = Eastern Crowned Warbler
Phylloscopus\ plumbeitarsus = Two-barred Warbler
Phylloscopus\ trochiloides = Greenish Warbler
Phylloscopus\ borealis = Arctic Warbler
Phylloscopus\ proregulus = Pallas's Leaf Warbler
Phylloscopus\ inornatus = Yellow-browed Warbler
Phylloscopus\ humei = Hume's Leaf Warbler
Phylloscopus\ schwarzi = Radde's Warbler
Phylloscopus\ fuscatus = Dusky Warbler
Phylloscopus\ bonelli = Western Bonelli's Warbler
Phylloscopus\ orientalis = Eastern Bonelli's Warbler
Phylloscopus\ sibilatrix = Wood Warbler
Phylloscopus\ collybita = Common Chiffchaff
Phylloscopus\ trochilus = Willow Warbler
Regulus\ regulus = Goldcrest
Regulus\ ignicapilla = Common Firecrest
Muscicapidae = Old World flycatcher
Muscicapa\ striata = Spotted Flycatcher
Ficedula\ parva = Red-breasted Flycatcher
Ficedula\ albicollis = Collared Flycatcher
Ficedula\ hypoleuca = European Pied Flycatcher
Timaliidae = Old World babbler
Panurus\ biarmicus = Bearded Reedling
Aegithalidae = Long
Aegithalos\ caudatus = Long-tailed Tit
Paridae = Tits
Parus\ palustris = Marsh Tit
Parus\ montanus = Willow Tit
Parus\ cinctus = Grey-headed Chickadee
Parus\ cristatus = European Crested Tit
Parus\ ater = Coal Tit
Parus\ caeruleus = Eurasian Blue Tit
Parus\ cyanus = Azure Tit
Parus\ major = Great Tit
Sittidae = Sittidae
Sitta\ europaea = Eurasian Nuthatch
Certhiidae = Treecreepers
Certhia\ familiaris = Eurasian Treecreeper
Remizidae = Penduline tit
Remiz\ pendulinus = Eurasian Penduline Tit
Oriolidae = Orioles
Oriolus\ oriolus = Eurasian Golden Oriole
Laniidae = Shrikes
Lanius\ isabellinus = Isabelline Shrike
Lanius\ collurio = Red-backed Shrike
Lanius\ minor = Lesser Grey Shrike
Lanius\ excubitor = Great Grey Shrike
Lanius\ meridionalis = Southern Grey Shrike
Lanius\ senator = Woodchat Shrike
Lanius\ nubicus = Masked Shrike
Corvidae = Corvids
Garrulus\ glandarius = Eurasian Jay
Perisoreus\ infaustus = Siberian Jay
Pica\ pica = Common Magpie
Nucifraga\ caryocatactes = Spotted Nutcracker
Corvus\ monedula = Western Jackdaw
Corvus\ dauuricus = Daurian Jackdaw
Corvus\ frugilegus = Rook
Corvus\ corone\ cornix = Hooded Crow
Corvus\ corax = Common Raven
Sturnidae = Starling
Sturnus\ vulgaris = Common Starling
Sturnus\ roseus = Rosy Starling
Passeridae = Sparrow
Passer\ domesticus = House Sparrow
Passer\ hispaniolensis = Spanish Sparrow
Passer\ montanus = Eurasian Tree Sparrow
Fringillidae = Finch
Fringilla\ coelebs = Common Chaffinch
Fringilla\ montifringilla = Brambling
Serinus\ serinus = European Serin
Carduelis\ chloris = European Greenfinch
Carduelis\ carduelis = European Goldfinch
Carduelis\ spinus = Eurasian Siskin
Carduelis\ cannabina = Common Linnet
Carduelis\ flavirostris = Twite
Carduelis\ flammea = Common Redpoll
Carduelis\ hornemanni = Arctic Redpoll
Loxia\ leucoptera = Two-barred Crossbill
Loxia\ curvirostra = Red Crossbill
Loxia\ pytyopsittacus = Parrot Crossbill
Bucanetes\ githagineus = Trumpeter Finch
Carpodacus\ erythrinus = Common Rosefinch
Pinicola\ enucleator = Pine Grosbeak
Pyrrhula\ pyrrhula = Eurasian Bullfinch
Coccothraustes\ coccothraustes = Hawfinch
Parulidae = New World warbler
Dendroica\ striata = Blackpoll Warbler
Emberizidae = Emberizidae
Zonotrichia\ albicollis = White-throated Sparrow
Calcarius\ lapponicus = Lapland Longspur
Plectrophenax\ nivalis = Snow Bunting
Emberiza\ spodocephala = Black-faced Bunting
Emberiza\ leucocephalos = Pine Bunting
Emberiza\ citrinella = Yellowhammer
Emberiza\ hortulana = Ortolan Bunting
Emberiza\ buchanani = Grey-necked Bunting
Emberiza\ caesia = Cretzschmar's Bunting
Emberiza\ rustica = Rustic Bunting
Emberiza\ pusilla = Little Bunting
Emberiza\ rutila = Chestnut Bunting
Emberiza\ aureola = Yellow-breasted Bunting
Emberiza\ schoeniclus = Common Reed Bunting
Emberiza\ melanocephala = Black-headed Bunting
Emberiza\ calandra = Corn Bunting
